#year, week_num, new_cases_RKI, num_users_submitted_keys, ratio_CWA_RKI
2020,25,3677,144,0.039162
2020,26,2836,131,0.046192
2020,27,2469,97,0.039287
2020,28,2770,125,0.045126
2020,29,3695,109,0.029499
2020,30,973,43,0.044193
