#year, week_num, new_cases_RKI, num_users_submitted_keys, ratio_CWA_RKI
2020,26,3677,144,0.039162
2020,27,2836,131,0.046192
2020,28,2469,97,0.039287
2020,29,2770,125,0.045126
2020,30,3695,109,0.029499
2020,31,4624,202,0.043685
2020,32,5998,280,0.046682
2020,33,436,43,0.098624
