#year, week_num, new_cases_RKI, num_users_submitted_keys, ratio_CWA_RKI
2020,26,3402,144,0.042328
2020,27,2793,131,0.046903
2020,28,2409,97,0.040266
2020,29,2860,125,0.043706
2020,30,3786,109,0.028790
2020,31,4793,202,0.042145
2020,32,5925,280,0.047257
2020,33,1932,84,0.043478
