#year, week_num, new_cases_RKI, num_users_submitted_keys, ratio_CWA_RKI
2020,26,3140,130,0.041401
2020,27,2836,142,0.050071
2020,28,2469,96,0.038882
2020,29,2770,122,0.044043
2020,30,3695,103,0.027876
2020,31,4624,190,0.041090
2020,32,5998,281,0.046849
2020,33,7562,341,0.045094
2020,34,8629,400,0.046355
